Region,Language_group,Season_Name,English_Equivalent,Start_of_month,End_of_month,Indicator_type,Indicator_Name,Description
Noongar Boodjar,Noongar,Birak,Season of the young,December,January,Weather,Rain,Decreased rainfall
Noongar Boodjar,Noongar,Birak,Season of the young,December,January,Weather,Warm Temperatures,Warm weather starts to take hold
Noongar Boodjar,Noongar,Birak,Season of the young,December,January,Weather,Cool Temperatures,Afternoons are cooler
Noongar Boodjar,Noongar,Birak,Season of the young,December,January,Weather,Winds,"afternoon sea breeze abound from the south west, relief to costal areas"
Noongar Boodjar,Noongar,Birak,Season of the young,December,January,Weather,Winds,Morning easterly winds
Noongar Boodjar,Noongar,Birak,Season of the young,December,January,Weather,Dry,Days are very dry due to harsh temperatures
Noongar Boodjar,Noongar,Birak,Season of the young,December,January,Weather,Fire season,"Dry and hot weather increased chances of fire, vital presence"
Noongar Boodjar,Noongar,Birak,Season of the young,December,January,Flora,Paperbark tree,Blossoming
Noongar Boodjar,Noongar,Birak,Season of the young,December,January,Flora,Moodjar (Christmas tree),"Blossoming, orange and yellow flowers"
Noongar Boodjar,Noongar,Birak,Season of the young,December,January,Flora,milya (samphire),vibrant reds and pinks of milya fringing the shorelines
Noongar Boodjar,Noongar,Birak,Season of the young,December,January,Flora,Moodjar (Christmas tree),culturally significant tree is a spiritual indicator and traditionally a call for ceremony and gathering
Noongar Boodjar,Noongar,Birak,Season of the young,December,January,Fauna,dobitj (dugites),common to see sunning themselves aloong trails and paths
Noongar Boodjar,Noongar,Birak,Season of the young,December,January,Fauna,yondi (king skinks),common to see sunning themselves aloong trails and paths
Noongar Boodjar,Noongar,Birak,Season of the young,December,January,Fauna,Fledgings,"venturing out of nests, some are staying close to their parents"
Noongar Boodjar,Noongar,Birak,Season of the young,December,January,Fauna,Reptiles,coming out of hibernation
Noongar Boodjar,Noongar,Birak,Season of the young,December,January,Fauna,snake (Waugal),become highly active
Noongar Boodjar,Noongar,Birak,Season of the young,December,January,Fauna,Reptiles,shedding their old skin for new skin in the heat
Noongar Boodjar,Noongar,Birak,Season of the young,December,January,Fauna,Bronzewing pigeons,are caught for food
Noongar Boodjar,Noongar,Birak,Season of the young,December,January,Fauna,Mullet,"Along the coastal lakes and river estuaries, they are found and ready for harvesting"
Noongar Boodjar,Noongar,Birak,Season of the young,December,January,Fauna,bream,"Along the coastal lakes and river estuaries, they are found and ready for harvesting"
Noongar Boodjar,Noongar,Birak,Season of the young,December,January,Fauna,marron,"Along the coastal lakes and river estuaries, they are found and ready for harvesting"
Noongar Boodjar,Noongar,Birak,Season of the young,December,January,Fauna,magpies (Koolbardi),"young ventures out, learning independence"
Noongar Boodjar,Noongar,Birak,Season of the young,December,January,Fauna,crabs,"Along the coastal lakes and river estuaries, they are found and ready for harvesting"
Noongar Boodjar,Noongar,Birak,Season of the young,December,January,Fauna,Frogs,baby frogs undergo metamorphosis becoming adult frogs
Noongar Boodjar,Noongar,Birak,Season of the young,December,January,Fauna,Yonga (Kangaroo),the use of cool burnings drove them out of bush for hunting
Noongar Boodjar,Noongar,Birak,Season of the young,December,January,Fauna,Karda (Goanna),the use of cool burnings drove them out of bush for hunting
Noongar Boodjar,Noongar,Birak,Season of the young,December,January,Activities,Mosaic Burning,Clears away litter reducing feul load
Noongar Boodjar,Noongar,Birak,Season of the young,December,January,Activities,Mosaic Burning,aids seed germination
Noongar Boodjar,Noongar,Birak,Season of the young,December,January,Activities,Mosaic Burning,rejuvinates pastures
Noongar Boodjar,Noongar,Birak,Season of the young,December,January,Activities,Mosaic Burning,reduces massive bush fires
Noongar Boodjar,Noongar,Birak,Season of the young,December,January,Activities,Mosaic Burning,helps with migration
Noongar Boodjar,Noongar,Birak,Season of the young,December,January,Activities,social ,blooming of the Moodjar traditionally prompted families to gather for ceremony
Noongar Boodjar,Noongar,Birak,Season of the young,December,January,Activities,Movement,moved towards the coast where the ocean provided plenty of fresh food
Noongar Boodjar,Noongar,Birak,Season of the young,December,January,Colour,Red,"Red symbolises heat, sun and fire"
Noongar Boodjar,Noongar,Bunuru,season of adolescence,February,March,Weather,Warm Temperatures,Hottest time of the year
Noongar Boodjar,Noongar,Bunuru,season of adolescence,February,March,Weather,Rain,Little to no rainfall
Noongar Boodjar,Noongar,Bunuru,season of adolescence,February,March,Weather,Winds,Hot easterly winds continue
Noongar Boodjar,Noongar,Bunuru,season of adolescence,February,March,Weather,Winds,Cooling sea breeze most afternoons
Noongar Boodjar,Noongar,Bunuru,season of adolescence,February,March,Weather,Dry,the weather is dry
Noongar Boodjar,Noongar,Bunuru,season of adolescence,February,March,Flora,Haemodorum spicatum ,is collected and roasted and used as a spice
Noongar Boodjar,Noongar,Bunuru,season of adolescence,February,March,Flora,jeeriji (zamia),"the fruit has come into season, seed on the cones change from green to bright red"
Noongar Boodjar,Noongar,Bunuru,season of adolescence,February,March,Flora,White flowers,blossoms provide essential nectar making them vital feeding trees
Noongar Boodjar,Noongar,Bunuru,season of adolescence,February,March,Flora,Jarrah,full bloom across the landscape of white flowers
Noongar Boodjar,Noongar,Bunuru,season of adolescence,February,March,Flora,Marri,full bloom across the landscape of white flowers
Noongar Boodjar,Noongar,Bunuru,season of adolescence,February,March,Flora,Ghost gums,full bloom across the landscape of white flowers
Noongar Boodjar,Noongar,Bunuru,season of adolescence,February,March,Flora,Female jeeriji (zamia),huge cones emerge from the centre of the plant with masses of a cotton wool-like substance
Noongar Boodjar,Noongar,Bunuru,season of adolescence,February,March,Flora,Flowers,flowering plants would be consumed for their nectar
Noongar Boodjar,Noongar,Bunuru,season of adolescence,February,March,Flora,Flowering fruits,sign to migrate to the coastal areas to enjoy the rich fishing opportunities
Noongar Boodjar,Noongar,Bunuru,season of adolescence,February,March,Colour,Orange,This symbolises abundance of fishing and the lack of rain
Noongar Boodjar,Noongar,Bunuru,season of adolescence,February,March,Fauna,maturing,young animals who ventured out during birak are now maturing
Noongar Boodjar,Noongar,Bunuru,season of adolescence,February,March,Fauna,weitj (emus),they eat the toxic fleshy outer of jeeriji (zamia)
Noongar Boodjar,Noongar,Bunuru,season of adolescence,February,March,Fauna,Fish,crabs are hunted in
Noongar Boodjar,Noongar,Bunuru,season of adolescence,February,March,Fauna,mussels,"Found in large numbers, abundant"
Noongar Boodjar,Noongar,Bunuru,season of adolescence,February,March,Fauna,crabs,"Found in large numbers, abundant"
Noongar Boodjar,Noongar,Bunuru,season of adolescence,February,March,Fauna,abalone,"Found in large numbers, abundant"
Noongar Boodjar,Noongar,Bunuru,season of adolescence,February,March,Fauna,Salmon,abundant In waterways
Noongar Boodjar,Noongar,Bunuru,season of adolescence,February,March,Fauna,Herring,abundant In waterways
Noongar Boodjar,Noongar,Bunuru,season of adolescence,February,March,Fauna,Marron,Collected from wetlands
Noongar Boodjar,Noongar,Bunuru,season of adolescence,February,March,Fauna,Gilgies,Collected from wetlands
Noongar Boodjar,Noongar,Bunuru,season of adolescence,February,March,Fauna,Reptiles,"highly active, often basking in the intense sunlight"
Noongar Boodjar,Noongar,Bunuru,season of adolescence,February,March,Fauna,Kooyla,Collected from wetlands
Noongar Boodjar,Noongar,Bunuru,season of adolescence,February,March,Fauna,Tortoises,Collected from wetlands
Noongar Boodjar,Noongar,Bunuru,season of adolescence,February,March,Activities,social time,many people gathering by freshwater areas to enjoy fishing and crabbing
Noongar Boodjar,Noongar,Bunuru,season of adolescence,February,March,Activities,Movement,"living by the coast, rivers and estuaries"
Noongar Boodjar,Noongar,Bunuru,season of adolescence,February,March,Activities,Fishing,spearfishing is practised for catching large fish
Noongar Boodjar,Noongar,Bunuru,season of adolescence,February,March,Activities,Fishing,night fishing sometimes used Zamia palm leaves tied together to create a giant torchlight for light
Noongar Boodjar,Noongar,Bunuru,season of adolescence,February,March,Activities,eating,freshwater and seafoods make up large portion of diet
Noongar Boodjar,Noongar,Djeran,season of adulthood,April,May,Weather,Cool Temperatures,the nights are cool in temperature and damper
Noongar Boodjar,Noongar,Djeran,season of adulthood,April,May,Weather,Cool Temperatures,the mornings are dewy
Noongar Boodjar,Noongar,Djeran,season of adulthood,April,May,Weather,Winds,light breezes from southerly directions (south east to south west)
Noongar Boodjar,Noongar,Djeran,season of adulthood,April,May,Weather,Rain,some days are cool and rainy
Noongar Boodjar,Noongar,Djeran,season of adulthood,April,May,Weather,Temperature,a intermediate season
Noongar Boodjar,Noongar,Djeran,season of adulthood,April,May,Flora,Red-flowering Gum ,red flowering plants
Noongar Boodjar,Noongar,Djeran,season of adulthood,April,May,Flora,Summer Flame,red flowering plants
Noongar Boodjar,Noongar,Djeran,season of adulthood,April,May,Flora,Sheoaks,red 'rust' and seed cones forming
Noongar Boodjar,Noongar,Djeran,season of adulthood,April,May,Flora,Yanget (Bullrushes),root bulbs are used as food
Noongar Boodjar,Noongar,Djeran,season of adulthood,April,May,Flora,jeeriji (zamia),seeds collected and stored for treatment
Noongar Boodjar,Noongar,Djeran,season of adulthood,April,May,Flora,Red flowerings,essential feast for birds and insects before the deep cold sets in
Noongar Boodjar,Noongar,Djeran,season of adulthood,April,May,Flora,Banksia,"display their flowers, providing nectar food sources for many small mammals and birds"
Noongar Boodjar,Noongar,Djeran,season of adulthood,April,May,Colour,Green,symbolises cooler weather and eucalyptus trees
Noongar Boodjar,Noongar,Djeran,season of adulthood,April,May,Flora,Eucalypts,significant for symbolism
Noongar Boodjar,Noongar,Djeran,season of adulthood,April,May,Fauna,kwooyar (moaning frogs),indicate the breeding period and the improved water quality on Wadjemup
Noongar Boodjar,Noongar,Djeran,season of adulthood,April,May,Fauna,Emu,Emus are hunted
Noongar Boodjar,Noongar,Djeran,season of adulthood,April,May,Fauna,Emu,emu eggs are collected
Noongar Boodjar,Noongar,Djeran,season of adulthood,April,May,Fauna,Yonga (Kangaroo),Kangaroo are hunted
Noongar Boodjar,Noongar,Djeran,season of adulthood,April,May,Fauna,freshwater fish,in abundance for fishing
Noongar Boodjar,Noongar,Djeran,season of adulthood,April,May,Fauna,frogs,in abundance for fishing
Noongar Boodjar,Noongar,Djeran,season of adulthood,April,May,Fauna,turtles,in abundance for fishing
Noongar Boodjar,Noongar,Djeran,season of adulthood,April,May,Fauna,flying ants,seen cruising around in the light winds
Noongar Boodjar,Noongar,Djeran,season of adulthood,April,May,Fauna,Ants,it is ant season
Noongar Boodjar,Noongar,Djeran,season of adulthood,April,May,Fauna,adolescent animals,the adolescent animals will reach full maturity through season 
Noongar Boodjar,Noongar,Djeran,season of adulthood,April,May,Activities,mia mia (houses or shelter),mia mia are repaired
Noongar Boodjar,Noongar,Djeran,season of adulthood,April,May,Activities,mia mia (houses or shelter),they are waterproofed in preparation for makuru
Noongar Boodjar,Noongar,Djeran,season of adulthood,April,May,Activities,Yongar (Kangaroo),Kangaroo skin is used to prepare for Makura
Noongar Boodjar,Noongar,Djeran,season of adulthood,April,May,Activities,mia mia (houses or shelter),faced in the right direction for makuru
Noongar Boodjar,Noongar,Makuru,season of fertility,June,July,Weather,Temperature,the coldest time of the year
Noongar Boodjar,Noongar,Makuru,season of fertility,June,July,Weather,Rain,Rain replenishes inland water supplies
Noongar Boodjar,Noongar,Makuru,season of fertility,June,July,Weather,Rain,wettest time of the year
Noongar Boodjar,Noongar,Makuru,season of fertility,June,July,Weather,Winds,winds turned west and south 
Noongar Boodjar,Noongar,Makuru,season of fertility,June,July,Weather,Snow,snows occasionaly occurred on the peaks of the Stirling and Porongurup Ranges
Noongar Boodjar,Noongar,Makuru,season of fertility,June,July,Weather,Water,waterways swelled
Noongar Boodjar,Noongar,Makuru,season of fertility,June,July,Weather,Water,catchments start to fill
Noongar Boodjar,Noongar,Makuru,season of fertility,June,July,Weather,Winds,Frequent gales (strong winds)
Noongar Boodjar,Noongar,Makuru,season of fertility,June,July,Weather,Storms,Frequent storms
Noongar Boodjar,Noongar,Makuru,season of fertility,June,July,Weather,Winds,Harsh costal winds
Noongar Boodjar,Noongar,Makuru,season of fertility,June,July,Weather,Clouds,Clustered clouds
Noongar Boodjar,Noongar,Makuru,season of fertility,June,July,Fauna,Yonga (Kangaroo),grazing animals provided meat
Noongar Boodjar,Noongar,Makuru,season of fertility,June,July,Fauna,Waitj (emu),land based grazing animals providing main food source
Noongar Boodjar,Noongar,Makuru,season of fertility,June,July,Fauna,Koomal (possum),land based grazing animals providing main food source
Noongar Boodjar,Noongar,Makuru,season of fertility,June,July,Fauna,Breeding,time for a lot of animals to be pairing in preparation for breeding
Noongar Boodjar,Noongar,Makuru,season of fertility,June,July,Fauna,Wardongs (ravens),see pairs of Wardongs (ravens) flying together
Noongar Boodjar,Noongar,Makuru,season of fertility,June,July,Fauna,Wardongs (ravens),pairs not making the usual 'ark ark arrrrrk' that they're well known for when flying solo
Noongar Boodjar,Noongar,Makuru,season of fertility,June,July,Fauna,Mali (Black Swan),prepare to nest
Noongar Boodjar,Noongar,Makuru,season of fertility,June,July,Fauna,Mali (Black Swan),prepare to breed
Noongar Boodjar,Noongar,Makuru,season of fertility,June,July,Fauna,Crows,crows danced
Noongar Boodjar,Noongar,Makuru,season of fertility,June,July,Fauna,Mali (Black Swan),begins moulting so unable to fly
Noongar Boodjar,Noongar,Makuru,season of fertility,June,July,Fauna,Frogs,influs of fresh water provides the perfect conditions for frogs to begin their winter choruses
Noongar Boodjar,Noongar,Makuru,season of fertility,June,July,Fauna,gilgies (freshwater crayfish) ,influx of fresh water triggers the movement of gilgies
Noongar Boodjar,Noongar,Makuru,season of fertility,June,July,Fauna,Mali (Black Swan),easy to catch as unable to fly
Noongar Boodjar,Noongar,Makuru,season of fertility,June,July,Flora,landscape,landscape changes from dry sepia tones to lush greens
Noongar Boodjar,Noongar,Makuru,season of fertility,June,July,Flora,Flowers,blue and purple flowers emerge
Noongar Boodjar,Noongar,Makuru,season of fertility,June,July,Flora,Blueberry Lilly,blue flowers emerging
Noongar Boodjar,Noongar,Makuru,season of fertility,June,July,Flora,Purple Flags,purple flowers emerging
Noongar Boodjar,Noongar,Makuru,season of fertility,June,July,Flora,weeping peppermint trees,as season ends white flower begins to bloom
Noongar Boodjar,Noongar,Makuru,season of fertility,June,July,Flora,Djilba,blue flowers of Djilba change to white and cream flowers
Noongar Boodjar,Noongar,Makuru,season of fertility,June,July,Flora,Lilies,associated with this season
Noongar Boodjar,Noongar,Makuru,season of fertility,June,July,Flora,Bull Banksia,everyone carried a smouldering branch of bull banksia
Noongar Boodjar,Noongar,Makuru,season of fertility,June,July,Flora,Wild Carrots,ready for harvesting
Noongar Boodjar,Noongar,Makuru,season of fertility,June,July,Flora,Wild potatoes,ready for harvesting
Noongar Boodjar,Noongar,Makuru,season of fertility,June,July,Flora,Sheoak trees,flowering Sheoak trees signal that the kangaroos are ready to eat
Noongar Boodjar,Noongar,Makuru,season of fertility,June,July,Flora,djida (pink tuber roots),good time to dig and eat
Noongar Boodjar,Noongar,Makuru,season of fertility,June,July,Colour,Blue ,symbolises the rain and cold weather
Noongar Boodjar,Noongar,Makuru,season of fertility,June,July,Activities,Yonga (Kangaroo),(bookas) animal skin cloaks that were used as the nights became much cooler
Noongar Boodjar,Noongar,Makuru,season of fertility,June,July,Activities,Yonga (Kangaroo),bones and sinew used for hunting tools such as spears
Noongar Boodjar,Noongar,Makuru,season of fertility,June,July,Activities,Movement,time to move inland as more food available
Noongar Boodjar,Noongar,Djilba,season of conception,August,September,Colour,Pink,symbolises the growth of wildflowers and plants
Noongar Boodjar,Noongar,Djilba,season of conception,August,September,Weather,Temperature,transitional time of the year
Noongar Boodjar,Noongar,Djilba,season of conception,August,September,Weather,Cool Temperatures,cold days and nights
Noongar Boodjar,Noongar,Djilba,season of conception,August,September,Weather,Winds,windy days
Noongar Boodjar,Noongar,Djilba,season of conception,August,September,Weather,Skies,clear skies
Noongar Boodjar,Noongar,Djilba,season of conception,August,September,Weather,Warm Temperatures,warm sunny days starting to warm up
Noongar Boodjar,Noongar,Djilba,season of conception,August,September,Weather,Rain,the second rains
Noongar Boodjar,Noongar,Djilba,season of conception,August,September,Weather,season,the first spring
Noongar Boodjar,Noongar,Djilba,season of conception,August,September,Flora,Colours,"vibrant yellow, blue and cream from wildflowers and plants"
Noongar Boodjar,Noongar,Djilba,season of conception,August,September,Flora,Golden Acacias,dominated by the bright yellow globes of Acacias
Noongar Boodjar,Noongar,Djilba,season of conception,August,September,Flora,(Balgas) grass trees ,"while balgas prepare for Kambarang, their flower stalks unfurling in anticipation"
Noongar Boodjar,Noongar,Djilba,season of conception,August,September,Flora,meen (roots),main food sources as bush rejuvenates
Noongar Boodjar,Noongar,Djilba,season of conception,August,September,Flora,berries,supplements for large game
Noongar Boodjar,Noongar,Djilba,season of conception,August,September,Flora,djakat (roots),"main food sources as bush rejuvenates, supplements for large game"
Noongar Boodjar,Noongar,Djilba,season of conception,August,September,Flora,tubers,main food sources as bush rejuvenates
Noongar Boodjar,Noongar,Djilba,season of conception,August,September,Fauna,bulangat (wedge-tailed shearwaters) ,migratory species visit the Wadjemup West End waters during this season
Noongar Boodjar,Noongar,Djilba,season of conception,August,September,Fauna,Whales,migrating humpback and southern right whales cruising the blue waters of the South West (annual)
Noongar Boodjar,Noongar,Djilba,season of conception,August,September,Fauna,tortoises,other food sources
Noongar Boodjar,Noongar,Djilba,season of conception,August,September,Fauna,Waitj (emu),other food sources
Noongar Boodjar,Noongar,Djilba,season of conception,August,September,Fauna,Yonga (Kangaroo),other food sources
Noongar Boodjar,Noongar,Djilba,season of conception,August,September,Fauna,Koomal (possum),other food sources
Noongar Boodjar,Noongar,Djilba,season of conception,August,September,Fauna,(quenda) bandicoots,other food sources
Noongar Boodjar,Noongar,Djilba,season of conception,August,September,Fauna,eggs,eggs from waterfowl ready to be collected
Noongar Boodjar,Noongar,Djilba,season of conception,August,September,Fauna,eggs,eggs from emus ready to be collected
Noongar Boodjar,Noongar,Djilba,season of conception,August,September,Fauna,eggs,eggs from swans ready to be collected
Noongar Boodjar,Noongar,Djilba,season of conception,August,September,Fauna,eggs,eggs from ducks ready to be collected
Noongar Boodjar,Noongar,Djilba,season of conception,August,September,Fauna,Koolbardi (Magpie),swooping protective behavior of woodland birds as nest-bound
Noongar Boodjar,Noongar,Djilba,season of conception,August,September,Fauna,Djidi Djidi (Willie Wagtails),swooping protective behavior of woodland birds as nest-bound
Noongar Boodjar,Noongar,Djilba,season of conception,August,September,Fauna,Chuck-a-luck (Wattle Birds),swooping protective behavior of woodland birds as nest-bound
Noongar Boodjar,Noongar,Djilba,season of conception,August,September,Fauna,tortoises,supplements for large game
Noongar Boodjar,Noongar,Djilba,season of conception,August,September,Activities,Movement,Noongar groups move to the Guildford area
Noongar Boodjar,Noongar,Djilba,season of conception,August,September,Activities,Movement,Noongar groups move to the Canning area
Noongar Boodjar,Noongar,Djilba,season of conception,August,September,Activities,Movement,Noongar groups move to the Kelmscott area
Noongar Boodjar,Noongar,Djilba,season of conception,August,September,Activities,Young,see and hear the first new borns
Noongar Boodjar,Noongar,Djilba,season of conception,August,September,Activities,Young,new borns are out with their parent while they are providing food
Noongar Boodjar,Noongar,Djilba,season of conception,August,September,Activities,Young,new borns are being guided through foraging tasks by parent
Noongar Boodjar,Noongar,Djilba,season of conception,August,September,Activities,Young,new borns are out with parent as they protect the family from larger animals and other people
Noongar Boodjar,Noongar,Kambarang,season of birth,October,November,Weather,Temperature,Transformational time of year
Noongar Boodjar,Noongar,Kambarang,season of birth,October,November,Weather,Warm Temperatures,"definite warming trend, as warm changhe in weather"
Noongar Boodjar,Noongar,Kambarang,season of birth,October,November,Weather,Dry,Longer dry periods
Noongar Boodjar,Noongar,Kambarang,season of birth,October,November,Weather,Rain,rain decreasing
Noongar Boodjar,Noongar,Kambarang,season of birth,October,November,Weather,Transformation,"As warmth increases, transformation sweeps the land, signalling the onset of heat"
Noongar Boodjar,Noongar,Kambarang,season of birth,October,November,Weather,Cool Temperatures,less cold fronts
Noongar Boodjar,Noongar,Kambarang,season of birth,October,November,Flora,Rainbow,mass flowering that begins during Djilba reaches its peak during Kambarang
Noongar Boodjar,Noongar,Kambarang,season of birth,October,November,Flora,Acacias,yellows of many of the Acacias continue to abound
Noongar Boodjar,Noongar,Kambarang,season of birth,October,November,Flora,Banksia,paint the landscape with yellow and orchid shades as abound
Noongar Boodjar,Noongar,Kambarang,season of birth,October,November,Flora,Kanagroo Paw,paint the landscape with yellow and orchid shades as abound
Noongar Boodjar,Noongar,Kambarang,season of birth,October,November,Flora,Orchids,paint the landscape with yellow and orchid shades as abound
Noongar Boodjar,Noongar,Kambarang,season of birth,October,November,Flora,Balgas (grass trees),"start to flower, especially if they've been burnt in the past year or closely shaved"
Noongar Boodjar,Noongar,Kambarang,season of birth,October,November,Flora,Moodjar (Christmas tree),"flowering, bright orange-yellow flowers serve to signal the heat is on its way"
Noongar Boodjar,Noongar,Kambarang,season of birth,October,November,Flora,Quandong trees,the fruit is a key food source
Noongar Boodjar,Noongar,Kambarang,season of birth,October,November,Flora,Quandong trees,Quandong trees and other small shrubs that bear berries are ripening
Noongar Boodjar,Noongar,Kambarang,season of birth,October,November,Flora,yams,plenty for food source
Noongar Boodjar,Noongar,Kambarang,season of birth,October,November,Flora,Rottnest Island daisy,bright purple Rottnest Island daisy marks the emergence of Kambarang on Wadjemup
Noongar Boodjar,Noongar,Kambarang,season of birth,October,November,Flora,maro (Rottnest Island tea tree),bursting into bloom signalling kambarang on Wadjemup
Noongar Boodjar,Noongar,Kambarang,season of birth,October,November,Flora,Balgas (grass trees),provide sweet gum
Noongar Boodjar,Noongar,Kambarang,season of birth,October,November,Colour,Yellow,symbolises the return of hot weather.
Noongar Boodjar,Noongar,Kambarang,season of birth,October,November,Fauna,Insects,With flowers in abundance insects become increasingly active
Noongar Boodjar,Noongar,Kambarang,season of birth,October,November,Fauna,snakes,most liekly time of the year you will see a snake
Noongar Boodjar,Noongar,Kambarang,season of birth,October,November,Fauna,reptiles,starting to wake from hibernation and look for food
Noongar Boodjar,Noongar,Kambarang,season of birth,October,November,Fauna,baby birds,singing out for their parents to feed them
Noongar Boodjar,Noongar,Kambarang,season of birth,October,November,Fauna,Koolbardies (Magpies),"will be protecting their nests and babies, swooping behaviour"
Noongar Boodjar,Noongar,Kambarang,season of birth,October,November,Fauna,frogs (kooyal),"rich food sources, caught by hand in wetlands and swamps"
Noongar Boodjar,Noongar,Kambarang,season of birth,October,November,Fauna,tortoises (yaarkin),"rich food sources, caught by hand in wetlands and swamps"
Noongar Boodjar,Noongar,Kambarang,season of birth,October,November,Fauna,freshwater crayfish (gilgies),"rich food sources, caught by hand in wetlands and swamps"
Noongar Boodjar,Noongar,Kambarang,season of birth,October,November,Fauna,snakes,available as food source since awakening from hibernation
Noongar Boodjar,Noongar,Kambarang,season of birth,October,November,Fauna,reptiles,available as food source since awakening from hibernation
Noongar Boodjar,Noongar,Kambarang,season of birth,October,November,Fauna,goana,available as food source since awakening from hibernation
Noongar Boodjar,Noongar,Kambarang,season of birth,October,November,Fauna,rainbow bee-eater,visits the island from the tropical north and makes burrows in the ground for its breeding season
Noongar Boodjar,Noongar,Kambarang,season of birth,October,November,Fauna,kooboolong (motorbike frog),begins breeding and the male frogs begin vocalising with their distinct low growls to attract a mate
Noongar Boodjar,Noongar,Kambarang,season of birth,October,November,Fauna,bird eggs,abundant food source
Noongar Boodjar,Noongar,Kambarang,season of birth,October,November,Activities,movement,people move back towards the coast to take advantage of the rich food sources
Noongar Boodjar,Noongar,Kambarang,season of birth,October,November,Activities,fishing,animals can be caught by hand in wetlands and swamps